<!DOCTYPE hibernate-configuration PUBLIC 
    "-//Hibernate/Hibernate Configuration DTD//EN" 
    "http://hibernate.org/dtd/hibernate-configuration-3.0.dtd">
<hibernate-configuration>
  <session-factory>
    <property name="hibernate.connection.driver_class">org.h2.Driver</property>
    <property name="hibernate.connection.url">jdbc:h2:mem:testdb</property>
    <property name="hibernate.dialect">org.hibernate.dialect.H2Dialect</property>
    <property name="hibernate.hbm2ddl.auto">update</property>
    <property name="show_sql">true</property>
    
    <mapping class="com.example.Employee"/>
  </session-factory>
</hibernate-configuration>
